place,Top5,무료,혜택,친환경,추천,식재료,제주산,에너지,환경,비건,야경
원앤온리,"['카페', '가격', '커피', '산방산', '음료']",0,0,0,23,0,0,0,0,0,0
퍼시픽리솜 더클리프카페&펍,"['분위기', '가격', '음식', '음료', '칵테일']",0,0,0,12,0,0,0,0,0,1
카페나모나모,"['커피', '카페', '디저트', '분위기', '음료']",1,0,0,18,0,0,0,0,0,4
울트라마린,"['친절', '커피', '카페', '사장', '직원']",0,0,0,14,0,0,0,0,0,0
드르쿰다in성산,"['사진', '음료', '카페', '포토', '해변']",0,1,0,10,0,0,0,0,0,4
유동커피,"['커피', '가격', '아메리카노', '친절', '송산동']",1,0,0,14,0,0,1,0,0,0
베케,"['정원', '커피', '카페', '음료', '사진']",0,0,0,1,0,0,0,0,0,0
목장카페드르쿰다,"['승마', '체험', '카트', '카페', '사진']",4,0,0,9,0,0,0,0,0,0
오르다,"['커피', '사진', '카페', '자리', '사람']",1,0,0,5,0,0,0,0,0,0
뷰스트,"['커피', '음료', '카페', '디저트', '자리']",0,0,0,3,0,0,0,0,0,0
테라로사 서귀포점,"['커피', '분위기', '테라로사', '카페', '감귤']",0,0,0,3,0,0,0,0,0,0
휴일로,"['커피', '카페', '음료', '가격', '맛집']",0,0,0,6,0,0,0,1,0,0
명월국민학교,"['카페', '커피', '음료', '사진', '추억']",0,0,0,2,0,0,0,0,0,0
커피템플,"['커피', '친절', '분위기', '에스프레소', '제주']",0,0,0,5,0,0,0,0,0,0
카페서연의집,"['커피', '친절', '카페', '사람', '건축학개론']",0,0,0,3,0,0,0,0,0,0
카페라라라,"['당근', '케이크', '카페', '주스', '엽서']",9,0,0,25,0,0,0,0,0,0
외도339,"['커피', '카페', '분위기', '바다', '가격']",0,0,0,3,0,0,0,0,0,0
아줄레주,"['타르트', '에그', '카페', '음료', '커피']",0,0,0,5,0,0,0,0,0,0
꽃이피다앤블라썸,"['브런치', '커피', '음식', '사진', '분위기']",0,0,1,1,0,0,0,0,0,0
클랭블루,"['카페', '음료', '커피', '사진', '디저트']",0,0,0,23,0,0,1,0,0,0
도렐 제주본점,"['클라우드', '커피', '직원', '아메리카노', '땅콩']",0,1,0,3,0,0,0,0,0,0
마틸다,"['분위기', '음악', '사람', '청곡', '노래']",0,0,0,2,0,0,0,0,0,0
인그리드,"['커피', '사람', '카페', '사진', '그레이']",1,0,0,2,0,0,0,0,0,0
카페이피엘 (휴업중),"['카페', '커피', '친절', '분위기', '도시락']",0,0,0,6,0,0,0,0,0,0
제주바솔트,"['선물', '친절', '카페', '여행', '제주']",0,0,0,1,0,0,0,0,0,0
카페더콘테나,"['음료', '사진', '감귤', '카페', '체험']",0,0,0,3,0,0,0,0,0,0
블랑로쉐,"['땅콩', '아이스크림', '크림', '커피', '우도']",0,0,0,5,0,0,0,0,0,0
썬셋클리프,"['분위기', '음악', '음료', '사람', '한잔']",0,0,0,8,0,0,0,0,0,0
제레미,"['커피', '제레미', '친절', '사장', '카페']",0,0,0,5,0,0,0,0,0,0
섬타르,"['타르트', '에그', '디저트', '종류', '맛집']",0,0,0,10,0,0,0,0,0,0
커피파인더,"['커피', '수박', '친절', '주스', '카페']",0,1,0,8,0,0,0,0,0,0
쪼끌락,"['돌하르방', '커피', '음료', '사진', '친절']",0,0,0,0,0,0,0,0,0,0
벙커하우스,"['커피', '바다', '음료', '카페', '맛집']",0,0,0,4,0,0,0,0,0,0
구좌상회작업실,"['당근', '케익', '케이크', '커피', '분위기']",0,0,0,0,0,0,0,0,0,0
커피스케치,"['커피', '용머리', '음료', '카페', '해안']",0,0,0,2,0,0,0,0,0,0
마마롱,"['디저트', '커피', '친절', '레어', '케이크']",0,0,0,2,0,0,0,0,0,0
쉼표,"['커피', '음료', '바다', '빙수', '카페']",0,0,0,1,0,0,0,0,0,0
니모메,"['분위기', '카페', '바다', '커피', '친절']",0,0,0,4,0,0,0,0,0,0
와토커피,"['커피', '알프스', '크림', '제주', '그니']",0,0,0,4,0,0,0,0,0,0
미쿠니,"['커피', '밀크티', '카페', '분위기', '디저트']",0,0,0,6,0,0,0,1,0,0
브와두스 베이커리카페 연동점,"['커피', '버터', '타르트', '맛집', '종류']",3,0,0,12,0,0,0,0,0,0
카페한라산,"['당근', '케이크', '카페', '친절', '커피']",0,0,0,3,0,0,0,0,0,0
마음에온,"['분위기', '친절', '사장', '음료', '디저트']",0,0,0,0,0,0,0,0,0,0
미스틱3도,"['정원', '커피', '카페', '음료', '가격']",0,0,0,3,0,0,0,0,0,0
머문,"['커피', '카페', '바다', '친절', '경치']",0,0,0,0,0,0,0,0,0,0
당당,"['수플레', '파스타', '음식', '친절', '방문']",0,0,0,7,0,0,0,0,0,0
본카페 애월,"['커피', '친절', '사장', '카페', '음료']",1,0,0,7,0,0,0,0,0,0
허니문하우스,"['카페', '커피', '호텔', '음료', '가격']",0,0,0,4,0,0,0,0,0,0
비브레이브 혁신도시점,"['커피', '친절', '직원', '카페', '가격']",0,0,0,3,0,0,0,0,0,0
베메로 bake make roast,"['베이글', '커피', '카페', '샌드위치', '친절']",2,0,0,28,0,0,0,1,0,0
오늘은녹차한잔,"['녹차', '족욕', '아이스크림', '동굴', '카페']",1,0,0,2,0,0,0,0,0,0
모뉴에트,"['분위기', '카페', '친절', '커피', '내부']",0,0,0,3,0,0,0,0,0,0
호랑호랑,"['카페', '커피', '음료', '직원', '성산']",0,0,0,0,0,0,0,1,0,0
카페태희,"['튀김', '친절', '버거', '방문', '감자']",0,0,0,6,0,0,0,0,0,0
달빛제주,"['제주', '친절', '소품', '음료', '여행']",0,0,0,0,0,0,0,0,0,0
모래비,"['커피', '카페', '정리', '바다', '해변']",0,0,0,13,0,0,0,0,0,0
모노클제주,"['카페', '분위기', '커피', '친절', '직원']",0,0,0,0,0,0,0,0,0,0
카페공작소,"['당근', '커피', '사진', '카페', '사장']",0,0,0,0,0,0,0,0,0,0
청춘부부,"['카페', '친절', '커피', '부부', '사장']",0,0,0,4,0,0,0,0,0,0
아뜰리에안,"['커피', '카페', '그니', '음료', '바다']",0,0,0,1,0,0,0,0,0,0
슬랩,"['커피', '사장', '친절', '카페', '분위기']",0,0,1,11,0,0,0,0,0,0
스타벅스 제주용담DT점,"['음료', '바다', '친절', '커피', '사람']",0,0,0,3,0,0,0,0,0,0
빠빠라기 신제주점,"['빙수', '맛집', '추억', '소자', '근본']",0,0,0,0,0,0,0,0,0,0
두갓,"['카페', '분위기', '음료', '커피', '사장']",1,0,0,0,0,0,0,0,0,0
그러므로 파트2,"['커피', '메리', '카페', '친절', '디저트']",0,0,0,2,0,0,0,0,0,0
트라인커피,"['커피', '크림', '아포가토', '분위기', '키즈']",0,0,0,2,0,0,0,0,0,0
카페바나나 함덕점,"['바나나', '카페', '빙수', '크림', '사진']",0,0,0,3,0,0,0,0,0,0
프로젝트064다방,"['피자', '음식', '분위기', '파스타', '옥수수']",0,0,0,0,0,0,0,0,0,0
앨리스,"['빙수', '녹차', '사장', '실타래', '망고']",0,0,0,3,0,0,0,0,0,0
카페콜라,"['사장', '커피', '사진', '카페', '친절']",0,0,0,7,0,0,0,0,0,0
카페 동백,"['카페', '커피', '음료', '건지', '분위기']",0,0,0,1,0,0,0,0,0,0
스테이위드커피,"['커피', '친절', '분위기', '카페', '제주']",0,0,0,3,0,0,0,0,0,0
수마,"['커피', '사장', '카페', '친절', '브라운']",0,0,0,7,0,0,0,0,0,0
그초록,"['아보카도', '커피', '샌드위치', '초록', '분위기']",0,0,0,4,0,0,0,0,0,0
카페노티드 제주애월,"['도넛', '크림', '서서', '우유', '사진']",0,0,0,8,0,0,0,0,0,0
코코티에,"['친절', '커피', '카페', '바다', '야외']",0,0,0,1,0,0,0,0,0,0
망고홀릭 제주본점,"['망고', '빙수', '코코넛', '가격', '최고']",0,0,0,2,0,0,0,0,0,0
다소니,"['분위기', '반찬', '메밀', '비빔밥', '건강']",0,0,0,3,0,0,0,0,0,0
요요무문,"['당근', '카페', '주스', '케이크', '쥬스']",0,0,0,4,0,0,0,0,0,0
스타벅스 제주함덕점,"['사람', '음료', '제주', '친절', '직원']",0,0,0,1,0,0,0,1,0,0
블루보틀 제주 카페,"['친절', '커피', '직원', '사람', '제주']",0,0,0,2,0,0,0,0,0,0
1158족욕카페,"['족욕', '친절', '사장', '바다', '사진']",0,0,0,1,0,0,0,0,0,0
그계절,"['토스트', '커피', '음료', '식물', '밀크티']",0,0,0,1,0,0,0,0,0,0
텐저린카페,"['카페', '브런치', '분위기', '가격', '커피']",0,0,0,1,0,0,0,0,0,0
말로,"['음료', '카페', '커피', '분위기', '포니']",1,0,1,2,0,0,0,0,0,0
마노커피하우스,"['커피', '녹차', '쿠키', '설명', '사장']",0,0,0,9,0,0,0,0,0,0
서귀피안,"['케이크', '커피', '분위기', '친절', '만족']",0,0,0,0,0,0,0,0,0,0
엘파소,"['카페', '산방산', '커피', '음료', '사람']",0,0,0,0,0,0,0,0,0,0
망고레이 섭지코지점,"['망고', '가격', '제주', '음료', '스무디']",0,0,0,0,0,0,0,0,0,0
어제보다오늘,"['케이크', '커피', '디저트', '카페', '친절']",0,0,0,1,0,0,0,0,0,0
비마이게스트,"['망고', '가격', '수플레', '애플', '빙수']",0,0,0,6,0,0,0,0,0,0
카페진정성 종점,"['커피', '밀크티', '친절', '직원', '사람']",0,0,0,3,0,0,0,0,0,0
빽다방베이커리 제주사수점,"['가격', '커피', '카페', '사람', '성비']",0,0,0,5,0,0,0,0,0,0
오늘의바다,"['커피', '바다', '음료', '분위기', '녹차']",0,0,0,0,0,0,0,0,0,0
와랑와랑,"['찰떡', '구이', '카페', '친절', '분위기']",0,0,0,6,0,0,0,0,0,0
카페그라나다,"['비행기', '커피', '친절', '사진', '맛집']",0,0,0,1,0,0,0,0,0,0
카페리,"['당근', '케이크', '카페', '친절', '고양이']",0,0,0,3,0,0,0,0,0,0
사계생활,"['직원', '음료', '공간', '사람', '제주']",0,0,0,7,0,0,0,0,0,0
카페도두,"['고양이', '카페', '분위기', '맛집', '사장']",0,0,0,0,0,0,0,0,0,0
스타벅스 성산일출봉점,"['성산', '일출봉', '친절', '제주', '마감']",0,0,0,0,0,0,0,0,0,0
에스프레소라운지,"['커피', '친절', '공간', '직원', '서비스']",0,0,0,0,0,0,0,0,0,0
모모제이,"['팬케이크', '딸기', '브런치', '샌드위치', '가격']",1,0,0,1,0,0,0,0,0,0
5L2F(오엘이에프),"['커피', '분위기', '카페', '친절', '방문']",0,0,0,2,0,0,0,0,0,0
서홍정원,"['케이크', '카페', '커피', '주차', '분위기']",0,0,0,6,0,0,0,0,0,0
스물다섯,"['사장', '카페', '분위기', '친절', '커피']",0,0,0,0,0,0,0,1,0,0
컴플리트커피 연동점,"['커피', '사람', '카페', '최고', '디저트']",0,0,0,2,0,0,0,0,0,0
시루애월,"['분위기', '음식', '브런치', '커피', '가격']",0,0,0,2,0,0,0,0,0,0
인스밀,"['카페', '보리', '직원', '사람', '사진']",0,0,0,2,0,0,0,0,0,0
스타벅스 제주노형점,"['친절', '제주', '직원', '음료', '스타벅스']",0,0,0,0,0,0,0,1,0,0
Pickus 피커스,"['커피', '주차장', '자리', '음식', '주차']",0,0,0,0,0,0,0,0,0,0
제주설심당 본점,"['빙수', '바다', '설빙', '매장', '가격']",0,0,0,0,0,0,0,0,0,0
듀포레,"['카페', '커피', '친절', '직원', '비행기']",0,0,0,5,0,0,0,0,0,0
ABC베이커리,"['친절', '소금', '커피', '버터', '아메리카노']",0,0,0,4,0,0,0,0,0,0
모카다방,"['사장', '커피', '친절', '카페', '강아지']",0,0,0,5,0,0,0,0,0,0
호텔샌드,"['음료', '분위기', '가격', '디저트', '인테리어']",0,0,0,3,0,0,0,0,0,0
그리울땐제주,"['카페', '사장', '친절', '커피', '케익']",0,0,0,7,0,0,0,0,0,0
카페블루하우스 올레시장점,"['밀크티', '타르트', '홍콩', '에그', '커피']",0,0,0,6,0,0,0,0,0,0
스타벅스 제주칠성점,"['친절', '케이크', '프라푸치노', '제주', '아이스']",0,0,0,1,0,0,0,0,0,0
스타벅스 제주송악산점,"['송악산', '친절', '커피', '스타벅스', '제주']",0,0,0,0,0,0,0,0,0,0
신산리마을카페,"['녹차', '아이스크림', '카페', '가격', '올레길']",0,0,0,5,0,0,0,1,0,0
미엘드세화,"['당근', '케이크', '커피', '케익', '사장']",0,0,0,2,0,0,0,0,0,0
동박낭,"['사진', '커피', '카페', '입장료', '사람']",2,0,0,2,0,0,0,0,0,0
윈드스톤,"['커피', '아몬드', '카페', '분위기', '친절']",0,0,0,2,0,0,0,1,0,0
73st,"['음료', '카페', '직원', '친절', '음식']",0,0,0,0,0,0,0,0,0,2
풍미독서,"['버거', '친절', '새우', '샐러드', '가격']",0,0,0,1,0,0,0,0,0,0
선흘,"['브런치', '음식', '주문', '식사', '친절']",0,0,0,0,0,0,0,0,0,0
스타벅스 제주시청점,"['친절', '직원', '위치', '음료', '얼음']",0,0,0,0,0,0,0,0,0,0
카페유주,"['친절', '디저트', '분위기', '사장', '강아지']",1,0,0,4,0,0,0,0,0,0
달자카페,"['커피', '가격', '음료', '친절', '카페']",0,0,0,0,0,0,0,0,0,0
그레이그로브,"['분위기', '커피', '스콘', '카페', '음료']",0,0,0,1,0,0,0,0,0,0
바다위에코끼리,"['케이크', '당근', '친절', '커피', '사장']",0,0,0,0,0,0,0,0,0,0
바라나시책골목,"['분위기', '친절', '인도', '공간', '밀크티']",0,0,0,1,0,0,0,0,0,0
누옥,"['커피', '카페', '타르트', '분위기', '에그']",0,0,0,1,0,0,0,0,0,0
동명정류장,"['사장', '친절', '카페', '사진', '음료']",0,0,0,3,0,0,0,0,0,0
알마커피제작소,"['커피', '친절', '사장', '카페', '분위기']",0,0,0,5,0,0,0,0,0,0
노바운더리 제주,"['커피', '방문', '프라스틱', '카페', '플라스틱']",0,0,0,1,0,0,0,0,0,0
간세라운지,"['올레길', '상징', '세가', '이유', '게으름']",0,0,0,0,0,0,0,0,0,0
모앙,"['디저트', '불편', '커피', '자리', '사람']",0,0,0,0,0,0,0,0,0,0
회춘 애월점,"['가격', '음료', '직원', '커피', '디저트']",0,0,0,1,0,0,0,0,0,0
서귀피안베이커리,"['커피', '직원', '음료', '가격', '친절']",0,0,0,3,0,0,0,0,0,0
디피159,"['카페', '친절', '가격', '사장', '커피']",0,0,0,1,0,0,0,0,0,0
스타벅스 제주외도DT점,"['친절', '직원', '주문', '음료', '생각']",0,0,0,0,0,0,0,0,0,0
사일리커피,"['커피', '카페', '분위기', '사장', '친절']",0,0,0,9,0,0,0,0,0,0
에이바우트커피 한라대점,"['커피', '샐러드', '음료', '메뉴', '주문']",0,0,0,0,0,0,0,0,0,0
카카듀,"['빙수', '녹차', '가격', '아이스크림', '손님']",0,0,0,1,0,0,0,0,0,0
이에르바,"['테이블', '커피', '불편', '분위기', '위치']",0,0,0,0,0,0,0,0,0,0
무로이,"['커피', '분위기', '인테리어', '친절', '주차']",0,0,0,2,0,0,0,0,0,0
조아찌커피,"['커피', '사장', '분위기', '친절', '카페']",0,0,0,1,0,0,0,0,0,0
커피99.9,"['커피', '자몽', '분위기', '사장', '카페']",0,0,0,4,0,0,0,0,0,0
롱플레이제주,"['커피', '사람', '친절', '예약', '방문']",0,0,0,0,0,0,0,0,0,0
너와의첫여행,"['카페', '사진', '음료', '사장', '커피']",0,0,0,2,0,0,0,0,0,0
인카페온더비치,"['카페', '바다', '사장', '커피', '친절']",0,0,0,2,0,0,0,0,0,0
바람벽에흰당나귀,"['빙수', '말차', '커피', '화장실', '바다']",0,0,0,4,0,0,0,0,0,0
델문도 로스터스,"['커피', '직원', '문도', '친절', '갤러리']",0,0,0,0,0,0,0,0,0,0
카페희상,"['커피', '분위기', '카페', '친절', '사장']",0,0,0,3,0,0,0,0,0,0
순아,"['친절', '사장', '커피', '음료', '분위기']",0,0,0,2,0,0,0,0,0,0
속솜,"['수플레', '사장', '친절', '음료', '카페']",0,0,0,2,0,0,0,0,0,0
카페주비,"['카페', '분위기', '디저트', '친절', '음료']",0,0,0,1,0,0,0,0,0,0
그러므로,"['메리', '커피', '이유', '에스프레소', '제주']",0,0,0,0,0,0,0,0,0,0
인디고인디드,"['카페', '분위기', '커피', '바다', '음료']",0,0,1,2,0,0,0,1,0,0
우호적무관심,"['커피', '카페', '인테리어', '사진', '분위기']",0,0,0,3,0,0,0,0,0,0
하라케케,"['커피', '사진', '카페', '스타', '사람']",0,0,0,3,0,0,0,0,0,0
카페바르941,"['에이드', '티라미수', '한라봉', '친절', '카페']",0,0,0,3,0,0,0,0,0,0
플레이스엉물,"['당근', '커피', '분위기', '카페', '인테리어']",0,0,0,6,0,0,0,0,0,0
씨리얼,"['브런치', '가격', '친절', '메뉴', '방문']",1,0,0,1,0,0,0,0,0,0
오버더윈도우,"['커피', '사장', '친절', '크림', '콘센트']",0,0,0,4,0,0,0,0,0,0
다랑쉬,"['커피', '카페', '인테리어', '건물', '분위기']",0,0,0,2,0,0,0,0,0,0
커피주의보,"['케이크', '브라우니', '최고', '커피', '친절']",0,0,0,1,0,0,0,0,0,0
너븐,"['공간', '커피', '카페', '직원', '사진']",0,0,0,3,0,0,0,0,0,0
바램,"['먹이', '음료', '입장료', '가격', '양도']",0,0,0,1,0,0,0,0,0,0
말리가,"['밀크티', '홍차', '친절', '최고', '카페']",0,0,0,1,0,0,0,0,0,0
시인의집,"['바다', '카페', '시집', '분위기', '방문']",0,0,0,0,0,0,0,0,0,0
숑,"['카페', '사장', '분위기', '친절', '초코']",0,0,0,8,0,0,0,0,0,0
카페닐스,"['커피', '분위기', '사장', '친절', '맛집']",0,0,0,2,0,0,0,0,0,0
카페유디에이,"['커피', '제주', '카페', '음료', '의자']",0,0,0,2,0,0,0,0,0,0
과수원피스,"['감귤', '음료', '체험', '분위기', '카페']",1,0,0,3,0,0,0,0,0,0
먹쿠슬낭여행자카페,"['망고', '빙수', '애플', '친절', '메뉴']",0,0,0,0,0,0,0,0,0,0
귤꽃다락,"['사진', '음료', '카페', '디저트', '양갱']",0,0,0,6,0,0,0,0,0,0
스타벅스 제주신화월드R점,"['친절', '리저브', '매장', '커피', '메뉴']",0,0,0,1,0,0,0,0,0,0
까미노,"['커피', '카페', '친절', '사장', '공간']",0,0,0,4,0,0,1,0,0,0
스타벅스 제주노형공원점,"['친절', '제주', '직원', '주차장', '지점']",0,0,0,0,0,0,0,0,0,0
카페세바,"['카페', '분위기', '보리', '커피', '세바']",0,0,0,1,0,0,0,0,0,0
하소로커피,"['커피', '가격', '로스팅', '리라', '스콘']",0,0,0,2,0,0,0,0,0,0
동백정원,"['분위기', '커피', '친절', '카페', '여름']",0,0,0,1,0,0,0,0,0,0
카페더라이트,"['커피', '카페', '음료', '성산', '일출봉']",0,0,0,4,0,0,0,0,0,0
색달로망스,"['디저트', '커피', '가을', '카페', '케이크']",0,0,0,0,0,0,0,0,0,0
카페두가시,"['케이크', '커피', '카페', '친절', '정원']",0,0,0,1,0,0,0,0,0,0
카페2472,"['카페', '커피', '친절', '분위기', '음료']",1,0,0,1,0,0,0,0,0,0
"오른(orrrn,오알엔)","['커피', '카페', '디저트', '음료', '맛집']",0,0,0,1,0,0,0,0,0,0
살롱드라방,"['커피', '분위기', '케익', '친절', '방문']",0,0,0,1,0,0,0,0,0,0
노을리카페,"['카페', '커피', '음료', '노을', '직원']",0,0,0,4,0,0,0,0,0,0
모찌롱 (휴업중),"['다쿠아즈', '방문', '영업', '안달', '테이크아웃']",0,0,0,0,0,0,0,0,0,0
카페오드리,"['커피', '사장', '친절', '카페', '분위기']",0,0,0,0,0,0,0,0,0,0
블루모모,"['스프', '가격', '치킨', '보리', '샌드위치']",0,0,0,2,0,0,0,0,0,0
카페훤,"['커피', '카페', '사장', '친절', '바다']",0,0,0,2,0,0,0,0,0,0
카페살레,"['땅콩', '아이스크림', '우도', '카페', '친절']",0,0,0,3,0,0,0,0,0,0
오늘도화창,"['당근', '케이크', '사장', '카페', '친절']",0,0,0,3,0,0,0,0,0,0
제주몹시,"['카페', '한라봉', '샌드위치', '바다', '커피']",0,0,0,1,0,0,0,0,0,0
카페송키,"['사장', '카페', '인테리어', '친절', '커피']",0,0,0,0,0,0,0,0,0,0
리치망고 애월본점,"['망고', '냉동', '라씨', '주스', '사진']",0,0,0,1,0,0,0,0,0,0
에이바우트커피 신라신성점,"['커피', '직원', '친절', '가격', '카페']",0,0,0,0,0,0,0,0,0,0
위더스트래블 아라점,"['브런치', '메뉴', '음식', '가격', '커피']",0,0,0,1,0,0,0,0,0,0
투썸플레이스 제주애월한담점,"['카페', '매장', '주차', '커피', '주차장']",2,0,0,0,0,0,0,0,0,0
쉬리니케이크,"['케이크', '친절', '크림', '사장', '가격']",0,0,0,5,0,0,0,0,0,0
소보리당로222,"['인절미', '분위기', '티라미수', '친절', '소보']",0,0,0,0,0,0,0,0,0,0
픽스커피 본점,"['커피', '친절', '직원', '마스크', '착용']",0,0,0,1,0,0,0,0,0,0
카페곁에,"['커피', '분위기', '카페', '케이크', '손님']",0,0,0,2,0,0,0,0,0,0
어니스트밀크 본점,"['아이스크림', '우유', '송아지', '체험', '일출봉']",3,0,0,0,0,0,0,0,0,0
카페월령,"['딱새', '친절', '커피', '동굴', '카페']",0,0,0,1,0,0,0,0,0,0
비자블라썸,"['스프', '감자', '분위기', '친절', '사장']",0,0,0,3,0,0,0,0,0,0
블루마운틴 4255,"['커피', '야외', '제주도', '좌석', '도착']",0,0,0,0,0,0,0,0,0,0
토끼문,"['커피', '케이크', '카페', '바다', '가격']",0,0,0,1,0,0,0,0,0,0
봉꾸라주,"['디저트', '카페', '사장', '친절', '음료']",0,0,0,0,0,0,0,0,0,0
고요새,"['디저트', '공간', '커피', '카페', '분위기']",1,0,0,4,0,0,0,0,0,0
스타벅스 제주삼화DT점,"['주차', '친절', '스타벅스', '방문', '제주']",0,0,0,0,0,0,0,0,0,0
에이바우트커피뷰 하귀포구점,"['커피', '직원', '성비', '최고', '바다']",0,0,0,1,0,0,0,0,0,0
매기의추억,"['커피', '카페', '분위기', '사장', '당근']",0,0,0,1,0,0,0,0,0,0
카페인사리,"['커피', '사장', '맛집', '친절', '가격']",0,0,0,0,0,0,0,0,0,0
카페동경앤책방,"['샌드위치', '커피', '카페', '분위기', '동네']",0,0,0,1,0,0,0,0,0,0
김녕에사는김영훈,"['커피', '카페', '디저트', '당근', '케이크']",0,0,0,1,0,0,0,0,0,0
네이처캔버스,"['카페', '커피', '사장', '분위기', '사진']",0,0,0,1,0,0,0,0,0,0
큐티파이카페,"['친절', '가격', '바다', '카페', '분위기']",0,0,0,1,0,0,0,0,0,0
고미미,"['마카롱', '제주', '돌하르방', '선물', '커피']",0,0,0,3,0,0,0,0,0,0
여섯번의보름,"['카페', '친절', '분위기', '커피', '토스트']",0,0,0,0,0,0,0,0,0,0
쉬어갓,"['카이', '음료', '정원', '야외', '디저트']",0,0,0,5,0,0,0,0,0,0
노론존,"['커피', '친절', '분위기', '사장', '마들렌']",0,0,0,0,0,0,0,0,0,0
카페어떤오후,"['스콘', '카페', '커피', '분위기', '강아지']",0,0,0,0,0,0,0,0,0,0
카페폴린,"['커피', '디저트', '인사', '경치', '맛집']",0,0,0,0,0,0,0,0,0,0
리듬앤브루스,"['커피', '카페', '친절', '공간', '분위기']",0,0,0,3,0,0,0,0,0,0
소라의성,"['북카페', '카페', '소리', '음료', '파도']",3,0,0,0,0,0,0,0,0,0
헤이브라더,"['커피', '생각', '내부', '형제섬', '사장']",0,0,0,0,0,0,0,0,0,0
스타벅스 제주서해안로DT점,"['친절', '직원', '매장', '비행기', '사람']",0,0,0,5,0,0,0,0,0,0
카페아오오,"['카페', '커피', '음료', '건물', '바다']",0,0,0,4,0,0,0,0,0,0
리틀포레스트,"['카페', '친절', '사장', '소품', '음료']",0,0,0,0,0,0,0,0,0,0
카페코지,"['카페', '커피', '사장', '바다', '직원']",0,0,0,0,0,0,0,0,0,0
트라이브,"['수플레', '친절', '카페', '커피', '사장']",0,0,0,3,0,0,0,0,0,0
롱리브,"['커피', '친절', '사장', '에그', '타르트']",0,0,0,2,0,0,0,0,0,0
카페미와,"['케이크', '케익', '커피', '분위기', '사장']",0,0,0,1,0,0,0,0,0,0
다린,"['팥빙수', '쌍화탕', '쌍화차', '대추차', '친절']",0,0,0,1,0,0,0,0,0,0
도바나,"['말차', '쿠키', '오름', '친절', '커피']",0,0,1,0,0,0,0,0,0,0
도을,"['카페', '커피', '브라우니', '분위기', '케이크']",0,0,0,0,0,0,0,0,0,0
60빈스,"['커피', '친절', '올레길', '경치', '정원']",0,0,0,2,0,0,0,0,0,0
꼬스뗀뇨,"['공간', '커피', '카페', '느낌', '만족']",0,0,0,1,0,0,0,0,0,0
오라디오라,"['인테리어', '브런치', '커피', '음료', '카페']",0,0,0,4,0,0,0,0,0,0
트로피컬하이드어웨이 브런치카페,"['음식', '자리', '방문', '메뉴', '음료']",0,0,0,1,0,0,0,0,0,0
스테이솔티,"['커피', '카페', '바다', '티라미수', '사람']",0,0,0,1,0,0,0,0,0,0
아라파파 북촌점,"['마감', '바다', '음료', '친절', '맛집']",0,0,0,2,0,0,0,0,0,0
차귀놀,"['사장', '친절', '카페', '커피', '분위기']",0,0,0,0,0,0,0,0,0,0
스타벅스 서귀포올레점,"['친절', '음료', '알바', '제주', '사이즈']",0,0,0,0,0,0,0,0,0,0
코데인커피로스터스,"['커피', '분위기', '최고', '친절', '추천']",0,0,0,8,0,0,0,0,0,0
카페빠네띠에,"['레몬', '파운드', '버터', '호프', '직원']",0,0,0,1,0,0,0,0,0,0
단정한까페,"['커피', '분위기', '맛집', '조곤', '얘기']",0,0,0,0,0,0,0,0,0,0
우연히그곳,"['분위기', '친절', '커피', '사장', '디저트']",0,0,0,2,0,0,0,0,0,0
제주901,"['건강', '요가', '브런치', '한라산', '카페']",0,0,0,1,0,0,0,0,0,0
비양놀,"['커피', '스콘', '카페', '생각', '노을']",0,0,0,2,0,0,0,0,0,0
엘리사,"['사장', '최고', '친절', '쿠키', '만화']",0,0,0,0,0,0,0,0,0,0
카페루핀,"['사장', '친절', '커피', '카페', '고양이']",0,0,2,3,0,0,0,0,0,0
스타벅스 제주에듀시티점,"['직원', '친절', '커피', '사람', '오후']",0,0,0,0,0,0,0,1,0,0
간이옥돔역 (휴업중),"['커피', '임시', '휴업', '바람', '카페']",0,0,0,0,0,0,0,0,0,0
디뷰,"['친절', '브런치', '분위기', '메뉴', '피자']",0,0,0,0,0,0,0,0,0,0
수카사,"['브런치', '친절', '분위기', '베네딕트', '메뉴']",0,0,0,3,0,0,0,1,0,0
꽃향유,"['소품', '카페', '구경', '방문', '제주']",0,0,0,2,0,0,0,0,0,0
미미슈,"['옥수수', '임자', '바닐라', '가격', '크림']",0,0,0,0,0,0,0,0,0,0
하늘꽃카페,"['커피', '생각', '카페', '음료', '가격']",0,0,0,1,0,0,0,1,0,0
유스커피,"['커피', '라벤더', '원두', '카페', '제가']",0,0,0,2,0,0,0,0,0,0
거인의정원,"['분위기', '정원', '사람', '주문', '카페']",0,0,0,0,0,0,0,0,0,0
제이아일랜드카페,"['커피', '카페', '사장', '키즈', '동반']",0,0,0,2,0,0,0,0,0,0
이공팔오,"['피자', '분위기', '카페', '커피', '추천']",0,0,0,4,0,0,0,0,0,0
올디벗구디,"['커피', '쿠키', '분위기', '친절', '토마토']",0,0,0,2,0,0,0,0,0,0
카페갤러리,"['친절', '커피', '카페', '사진', '내부']",0,0,0,0,0,0,0,0,0,0
피플카페,"['카페', '바다', '커피', '친절', '경치']",0,0,0,1,0,0,0,0,0,0
카페원웨이,"['커피', '카페', '사장', '친절', '최고']",0,0,0,0,0,0,0,0,0,0
걸어가는늑대들 전이수갤러리,"['작가', '그림', '작품', '이수', '전시']",1,0,0,8,0,0,0,0,0,0
하우스레서피 당근케이크,"['당근', '케이크', '가격', '케익', '느낌']",0,0,0,1,0,0,0,0,0,0
애월후식,"['수플레', '커피', '사장', '카페', '친절']",0,0,0,0,0,0,0,0,0,0
레이지박스,"['당근', '쥬스', '케익', '경치', '에이드']",0,0,0,0,0,0,0,0,0,0
효은양갱,"['한라봉', '양갱', '느낌', '선물', '식혜']",0,0,0,2,0,0,0,0,0,0
리유니온,"['디저트', '딸기', '케이크', '사장', '스콘']",0,0,0,2,0,0,0,0,0,0
귤당리,"['친절', '음료', '사장', '당근', '제주']",0,0,0,3,0,0,0,0,0,0
너는파라다이스길리,"['당근', '친절', '카페', '사장', '크림']",0,0,0,5,0,0,0,0,0,0
그루브,"['카페', '커피', '건물', '인테리어', '분위기']",0,0,0,5,0,0,0,0,0,0
몽그레 월정리점,"['선물', '보리', '사진', '카페', '디저트']",0,0,0,4,0,0,0,0,0,0
감저,"['카페', '공간', '커피', '분위기', '사장']",0,0,0,5,0,0,0,0,0,0
메이비,"['분위기', '이중섭', '거리', '와인', '최고']",0,0,0,1,0,0,0,0,0,0
카페 제주동네,"['당근', '주스', '빙수', '케이크', '카페']",0,0,0,0,0,0,0,0,0,0
헬로남생이,"['바다', '커피', '남생이', '카페', '제주']",0,0,0,0,0,0,0,0,0,0
탐앤탐스 신제주점,"['음식', '말씀', '기분', '주문', '친절']",0,0,0,0,0,0,0,0,0,0
밀팟제주,"['빙수', '팥빙수', '우유', '가격', '최고']",0,0,0,0,0,0,0,0,0,0
브릭스제주,"['팬케이크', '고양이', '레고', '채영', '커피']",0,0,0,0,0,0,0,0,0,0
카페소금,"['커피', '소금', '강아지', '친절', '사장']",0,0,0,2,0,0,0,0,0,0
카페갤럭시아,"['산방산', '카페', '풍경', '커피', '루프']",0,0,0,1,0,0,0,0,0,0
제주 함덕 카페 라라떼커피,"['카페', '커피', '사장', '분위기', '인테리어']",0,0,0,3,0,0,0,0,0,0
꼬라지오,"['친절', '커피', '샌드위치', '카페', '분위기']",0,0,0,2,0,0,0,2,0,0
인터포레스트,"['커피', '카페', '한라봉', '친절', '사장']",0,0,0,1,0,0,0,1,0,0
미리로,"['친절', '이호', '해변', '카페', '커피']",0,0,0,1,0,0,0,0,0,0
컴컴제주,"['커피', '친절', '사람', '음료', '카페']",0,0,0,2,0,0,0,0,0,0
네꼬야티하우스,"['분위기', '홍차', '밀크티', '디저트', '사장']",0,0,0,3,0,0,0,0,0,0
스타벅스 신제주이마트점,"['친절', '직원', '이용', '매장', '주문']",0,0,0,0,0,0,0,0,0,0
카페파람,"['분위기', '커피', '사장', '편안', '친절']",0,0,0,0,0,0,0,0,0,0
공생,"['커피', '친절', '카페', '사장', '분위기']",0,0,0,2,0,0,0,0,0,0
카페마니,"['커피', '바다', '음료', '분위기', '힐링']",0,0,0,3,0,0,0,0,0,0
카페뚜이,"['사장', '커피', '친절', '카페', '분위기']",0,0,0,7,0,0,2,0,0,0
카페팀블로우,"['카페', '브라우니', '커피', '친절', '직원']",0,0,0,2,0,0,0,0,0,0
히아담,"['감바스', '브런치', '맛집', '토마토', '스튜']",0,0,0,0,0,0,0,0,0,0
트라이브 신창점,"['카페', '강아지', '수플레', '사장', '팬케이크']",0,0,0,1,0,0,0,0,0,0
커핏,"['커피', '카페', '디저트', '테라로사', '친절']",0,0,0,5,0,0,0,0,0,0
어반정글그레이밤부,"['제주', '분위기', '사진', '화장실', '카페']",0,0,0,1,0,0,0,0,0,0
슬로보트 아뜰리에,"['커피', '분위기', '카페', '자리', '공간']",0,0,0,3,0,0,0,0,0,0
윤재커피,"['커피', '사장', '친절', '기름', '분위기']",0,0,0,0,0,0,0,0,0,0
니나수족욕카페,"['카페', '족욕', '피로', '사장', '친절']",0,0,0,0,0,0,0,0,0,1
니모스토리,"['직원', '친절', '설명', '들보', '바다']",0,0,0,0,0,0,0,0,0,0
로스트&헤븐,"['사장', '커피', '카페', '힐링', '바다']",1,0,0,1,0,0,0,0,0,0
카페책자국,"['커피', '사장', '책방', '친절', '달리']",0,0,0,2,0,0,0,0,0,0
꽁떼네도르,"['파스타', '친절', '샌드위치', '브런치', '고등어']",0,0,0,1,0,0,0,0,0,0
카페 오놀,"['사장', '아이스크림', '커피', '친절', '카페']",0,0,0,1,0,0,0,0,0,0
식빵가게,"['식빵', '친절', '아쉬움', '치즈', '방문']",0,0,0,0,0,0,0,0,0,0
토토네,"['타르트', '에그', '맛집', '커피', '최고']",0,0,0,1,0,0,0,0,0,0
화수목,"['아이스크림', '카페', '스콘', '분위기', '사장']",0,0,0,1,0,0,0,0,0,0
베터플랫,"['치즈볼', '치즈', '가격', '디저트', '분위기']",0,0,0,1,0,0,0,0,0,0
안녕토르,"['분위기', '카페', '강아지', '토르', '친절']",0,0,0,0,0,0,0,0,0,0
토끼썸,"['친절', '카페', '사장', '피크닉', '커피']",1,0,0,0,0,0,0,0,0,0
오후다섯시 두가지착각 조차도,"['카페', '커피', '음료', '공간', '인테리어']",0,0,0,1,0,0,0,0,0,0
카페이시도르,"['커피', '분위기', '우유', '카페', '편안']",0,0,0,0,0,0,0,0,0,0
에이바우트커피 삼무공원점,"['커피', '알바', '성비', '분위기', '공부']",0,0,0,0,0,0,0,0,0,0
관심사,"['고양이', '음료', '카페', '분위기', '공간']",0,0,0,4,0,0,0,0,0,0
게우지코지인갤러리 커피하우스,"['커피', '카페', '힐링', '직원', '친절']",0,0,0,2,0,0,0,0,0,0
왓섬,"['아이들', '카페', '음식', '위험', '부모']",0,0,0,0,0,0,0,0,0,0
페어리제주,"['커피', '카페', '분위기', '바다', '핑크']",0,0,0,2,0,0,0,0,0,0
폴바셋 제주아라DT점,"['커피', '아이스크림', '친절', '카페', '자리']",0,0,0,0,0,0,0,0,0,0
해거름전망대카페,"['커피', '사장', '아이스크림', '친절', '카페']",0,0,0,3,0,0,0,0,0,0
주네가네 키친앤카페,"['핫도그', '친절', '사장', '제주도', '커피']",0,0,0,0,0,0,0,0,0,0
픽스커피 화북공단점,"['커피', '친절', '불편', '테이블', '카페']",0,0,0,0,0,0,0,0,0,0
술의식물원,"['분위기', '손님', '메뉴', '스타', '공지']",0,0,0,0,0,0,0,0,0,0
88로스터즈,"['커피', '사장', '친절', '쿠키', '최고']",0,0,0,1,0,0,0,0,0,0
플레이커피랩,"['커피', '아메리카노', '친절', '분위기', '카페']",0,0,0,2,0,0,0,0,0,0
오르바,"['커피', '친절', '카페', '바다', '빙수']",0,0,0,1,0,0,0,0,0,0
바미아일랜드,"['커피', '카페', '음료', '빙수', '친절']",0,0,1,2,0,0,0,0,0,0
보라지붕,"['사장', '친절', '당근', '사진', '케이크']",0,0,0,9,0,0,0,0,0,0
폴바셋 제주용담DT점,"['커피', '자리', '매장', '관리', '최고']",0,0,0,0,0,0,0,0,0,0
커피가게쉬고가게,"['빙수', '망고', '주문', '커피', '애플']",0,0,0,1,0,0,0,0,0,0
카페쌀쌀,"['디저트', '친절', '임자', '붕어', '스타']",0,0,0,1,0,0,0,0,0,0
초가헌,"['기름', '분위기', '카페', '에이드', '아메리카노']",0,0,0,0,0,0,0,0,0,0
도리화과,"['화과자', '분위기', '빙수', '커피', '전문점']",0,0,0,0,0,0,0,0,0,0
카페정관헌,"['커피', '분위기', '쿠키', '느낌', '친절']",0,0,0,0,0,0,0,0,0,0
간세다리족욕카페,"['사장', '마사지', '족욕', '어깨', '피로']",0,0,0,6,0,0,0,0,0,0
잔디공장,"['잔디', '사장', '친절', '카페', '사진']",0,0,0,5,0,0,0,0,0,0
카페사우다드,"['커피', '카페', '브라우니', '에스프레소', '밸런스']",0,0,0,3,0,0,0,0,0,0
유티피커피,"['카페', '메뉴', '쿠키', '공간', '버터']",0,0,0,0,0,0,0,0,0,0
제주소담,"['고양이', '커피', '바다', '카페', '사진']",1,0,0,1,0,0,0,0,0,0
우연못,"['분위기', '하우스', '공간', '방문', '추천']",0,0,0,3,0,0,0,0,0,0
가파도봄날에,"['보리', '아이스크림', '새싹', '포구', '가격']",0,0,0,0,0,0,0,0,0,0
이스틀리,"['친절', '카페', '정원', '커피', '방문']",0,0,0,0,0,0,0,0,0,0
블라썸1407,"['치즈', '초록', '평점', '숙소', '인테리어']",0,0,0,0,0,0,0,0,0,0
다카포카페,"['아이들', '카페', '친절', '제주', '분위기']",0,0,0,1,0,0,0,0,0,0
카페단단,"['사장', '커피', '카페', '친절', '분위기']",0,0,0,1,0,0,0,0,0,0
커피동굴,"['커피', '사장', '제주', '친절', '분위기']",0,0,0,0,0,0,0,0,0,0
카페지니,"['커피', '친절', '카페', '치즈', '바다']",0,0,0,0,0,0,0,0,0,0
레드브라운,"['커피', '사장', '핸드', '풍경', '카페']",0,0,0,4,0,0,0,0,0,0
어글리딜리셔스,"['티라미수', '쿠키', '친절', '커피', '직원']",1,0,0,0,0,0,0,0,0,0
딜레탕트,"['분위기', '커피', '디저트', '사진', '카페']",0,0,0,3,0,0,0,0,0,0
감따남,"['친절', '사장', '카페', '포토', '가도']",0,0,0,1,0,0,0,0,0,0
종달리746,"['분위기', '카페', '사장', '친절', '북카페']",0,0,0,5,0,0,0,1,0,0
해비치불턱,"['커피', '바다', '빙수', '추천', '전망']",0,0,0,5,0,0,0,0,0,0
목장카페 밭디,"['승마', '직원', '친절', '카페', '커피']",0,0,0,1,0,0,0,0,0,0
리치망고 쇠소깍점,"['망고', '친절', '가격', '사장', '매장']",0,0,0,0,0,0,0,0,0,0
바다는안보여요,"['당근', '분위기', '사장', '달리', '주스']",0,0,0,1,0,0,0,0,0,0
플라이오조,"['빙수', '친절', '커피', '카페', '케익']",0,0,0,1,0,0,0,0,0,0
안녕구움,"['타르트', '에그', '쿠키', '사장', '친절']",0,0,0,4,0,0,0,0,0,0
나비정원,"['커피', '사장', '친절', '제주', '카페']",0,0,0,0,0,0,0,0,0,0
아뽀밍고,"['망고', '카페', '성산', '일출봉', '태도']",0,0,0,0,0,0,0,0,0,0
논짓물해수족욕카페,"['족욕', '카페', '친절', '피로', '강아지']",0,0,0,0,0,0,0,0,0,0
페이보리오리,"['카페', '분위기', '오리', '친절', '밀크티']",0,0,0,0,0,0,0,0,0,0
슈가탱크,"['아이스크림', '땅콩', '우도', '카페', '음료']",0,0,0,3,0,0,0,0,0,0
할로비치 본점,"['망고', '매장', '예전', '손님', '관리']",0,0,0,0,0,0,0,0,0,0
고도,"['커피', '분위기', '친절', '카페', '공간']",0,0,0,1,0,0,0,0,0,0
산노루,"['말차', '녹차', '음료', '카페', '직원']",0,0,0,5,0,0,0,0,0,0
팡송,"['커피', '디저트', '낭시', '친절', '마들렌']",0,0,0,0,0,0,0,0,0,0
초이당,"['버거', '프라이', '남원읍', '할인', '소금']",0,0,0,0,0,0,0,0,0,0
따소롬,"['스콘', '분위기', '사장', '커피', '친절']",0,0,0,2,0,0,0,0,0,0
유람위드북스,"['공간', '버스', '제주', '방문', '북카페']",0,0,0,0,0,0,0,0,0,0
카페 세러데이아일랜드,"['커피', '공간', '친절', '분위기', '키즈']",0,0,0,0,0,0,0,0,0,0
무상찻집 (휴업중),"['사장', '친절', '분위기', '카페', '디저트']",0,0,0,2,0,0,0,0,0,0
소길다방,"['카이', '친절', '커피', '사장', '카페']",0,0,0,1,0,0,0,0,0,0
제주몽,"['팥빙수', '빙수', '망고', '정성', '친절']",0,0,0,1,0,0,0,0,0,0
카페을리,"['카페', '친절', '공간', '음료', '음악']",0,0,0,0,0,0,0,0,0,0
에이바우트커피 종합청사점,['친절'],0,0,0,0,0,0,0,0,0,0
나이체,"['커피', '디저트', '친절', '낭시', '에스프레소']",0,0,0,0,0,0,0,0,0,0
에이바우트커피 올레시장점,"['인사', '이마', '하트', '여직원', '직원']",0,0,0,0,0,0,0,0,0,0
제주기와,"['커피', '정원', '카페', '테이블', '음료']",0,0,0,0,0,0,0,0,0,0
카페 가드니아,"['정원', '카페', '팥빙수', '강아지', '한라봉']",0,0,0,0,0,0,0,0,0,0
헤이피피,"['커피', '맛집', '카페', '음료', '디저트']",0,0,0,0,0,0,0,0,0,0
카페물결,"['커피', '음료', '판매', '카페', '시럽']",0,0,0,0,0,0,0,0,0,0
제3공간,"['커피', '사장', '친절', '분위기', '인테리어']",0,0,0,0,0,0,0,0,0,0
제대가는길,"['카페', '분위기', '사장', '친절', '음료']",0,0,0,3,0,0,0,0,0,0
일월선셋비치,"['칵테일', '최고', '음악', '분위기', '동남아']",0,0,0,0,0,0,0,0,0,0
오드랑베이커리,"['바게트', '마농', '마늘', '마늘빵', '가격']",0,0,0,19,0,0,0,1,0,0
애월빵공장앤카페,"['카페', '커피', '종류', '친절', '음료']",0,0,1,8,0,0,0,0,0,0
하멜,"['예약', '친절', '방문', '치즈', '사람']",0,0,0,1,0,0,0,0,0,0
빵귿,"['소금', '버터', '빵집', '느낌', '맛집']",0,0,0,6,0,0,0,0,0,0
덕인당보리빵,"['보리', '택배', '가격', '천원', '친절']",0,0,0,3,0,0,1,0,0,0
보래드베이커스,"['커피', '카페', '스콘', '분위기', '사진']",0,0,0,13,0,0,0,0,0,0
다니쉬,"['커피', '감자빵', '분위기', '사장', '케이크']",1,0,0,10,0,0,0,0,0,0
아베베베이커리,"['크림', '땅콩', '도넛', '우유', '우도']",0,0,0,12,0,0,0,0,0,0
해비치호텔앤드리조트 마고,"['가격', '카야', '크림', '브레드', '추천']",0,0,0,3,0,0,0,0,0,0
벨룸리조트 카페,"['그룹', '담소', '음료', '비용', '리조트']",0,0,0,0,0,0,0,0,0,0
프랑제리 켄싱턴리조트 중문점,"['사과', '당근', '샌드위치', '대박', '사이즈']",0,0,0,0,0,0,0,0,0,0
더벤티 해비치리조트점,"['친절', '사장', '덕분', '충전', '음료']",0,0,0,0,0,0,0,0,0,0
호텔샌드,"['음료', '분위기', '가격', '디저트', '인테리어']",0,0,0,3,0,0,0,0,0,0
해비치호텔앤드리조트 마고,"['가격', '카야', '크림', '브레드', '추천']",0,0,0,3,0,0,0,0,0,0
제주신라호텔 바당,"['빙수', '망고', '가격', '생각', '보니']",0,0,0,0,0,0,0,0,0,0
