,카페명,별점,별점갯수,insta,Naver_review,Naver_rate
0,연돈,3.9,458,"47,043",a,0.0
1,숙성도노형점,4.1,423,103,a,0.0
2,우진해장국,3.7,863,"66,667","['방문자리뷰 14,116', '블로그리뷰 10,635', '고사리육개장', '사골해장국', '몸국', '녹두빈대떡']",4.41
3,고집돌우럭제주공항점,4.8,986,372,"['방문자리뷰 5,819', '블로그리뷰 5,954', '런치_ A set', '디너_산 상차림']",4.71
4,고집돌우럭함덕점,4.9,1090,"2,132","['방문자리뷰 6,857', '블로그리뷰 2,058', '런치_A set', '디너_산 상차림']",4.76
5,색달식당중문갈치조림구이본점,4.6,1297,0,"['방문자리뷰 6,126', '블로그리뷰 9,328']",4.6
6,고집돌우럭중문점,4.9,3319,"5,662","['방문자리뷰 13,227', '블로그리뷰 6,566', '런치_A set', '디너_산(山)']",4.77
7,이춘옥의원조고등어쌈밥,4.3,491,296,a,0.0
8,제주김만복본점,3.6,582,"7,499","['방문자리뷰 5,138', '블로그리뷰 3,457', '메뉴판 전체보기']",4.28
9,중문수두리보말칼국수,4.4,434,"2,220","['방문자리뷰 3,406', '블로그리뷰 1,163', '메뉴판 전체보기']",4.63
10,맛나식당,3.5,257,"21,688","['방문자리뷰 2,888', '블로그리뷰 2,005', '갈치조림', '고등어조림', '공기밥추가', '소주. 맥주']",4.46
11,곰막식당,3.8,246,"5,374","['방문자리뷰 3,679', '블로그리뷰 2,201', '회국수', '고등어회', '전복회', '다금바리 1kg(자연)']",4.47
12,춘심이네본점,3.8,159,"12,421","['방문자리뷰 4,270', '블로그리뷰 3,391']",4.45
13,은희네해장국본점,3.7,158,"1,721",a,0.0
14,착한집,4.4,345,"9,158",a,0.0
15,칠돈가본점,3.9,116,"6,168",a,0.0
16,한림칼국수,3.9,184,"13,408",a,0.0
17,미영이네식당,4.3,290,"6,640","['방문자리뷰 2,686', '블로그리뷰 2,177', '고등어회 대(大) + 탕', '고등어회 소(小) + 탕', '방어회(10월~3월)', '고등어구이']",4.53
18,바다를본돼지제주협재판포본점,4.0,94,0,a,0.0
19,더바루시아,4.0,89,246,"['방문자리뷰 1', '블로그리뷰 3', '타파스', '연어타코']",0.0
20,제주김만복애월점,4.0,449,"1,379","['방문자리뷰 3,119', '블로그리뷰 1,529']",4.23
21,김희선제주몸국,4.0,185,"1,596","['방문자리뷰 2,372', '블로그리뷰 1,657', '몸국', '고사리육개장', '성게미역국', '고등어구이']",4.46
22,제주오성식당,4.2,164,"1,203","['방문자리뷰 6,196', '블로그리뷰 3,538']",4.68
23,신설오름,4.1,176,"6,198","['방문자리뷰 1,383', '블로그리뷰 1,164', '고등어구이 - 단품', '돔베고기 - 단품', '몸국(소) - 식사', '몸국(대) - 안주']",4.41
24,바다를본돼지제주서귀포점,4.1,69,0,"['방문자리뷰 2,155', '블로그리뷰 1,082']",4.49
25,삼대국수회관본점,3.5,167,"1,331","['방문자리뷰 2,562', '블로그리뷰 1,963', '돔베고기 세트', '만두 세트', '고기국수', '비빔국수']",4.22
26,제주김만복동문시장점,4.3,428,174,"['방문자리뷰 3,254', '블로그리뷰 2,442', '메뉴판 전체보기']",4.36
27,갈치왕중문점,4.7,348,17,"['방문자리뷰 1,563', '블로그리뷰 1,247']",4.67
28,국수마당본점,3.7,110,409,"['방문자리뷰 2,348', '블로그리뷰 1,297']",4.34
29,고이정본점,4.4,302,154,"['방문자리뷰 5,091', '블로그리뷰 3,105']",4.61
30,상춘재,4.2,275,"8,142","['방문자리뷰 1,999', '블로그리뷰 1,204', '통영멍게비빔밥', '뭉게(돌문어)비빔밥', '꼬막비빔밥', '송키새우리(부추)비빔밥']",4.54
31,살아있는해물뚝배기어마장장,4.4,148,"1,500",a,0.0
32,해왓,4.1,138,"2,511","['방문자리뷰 1,412', '블로그리뷰 1,466']",4.47
33,당케올레국수,3.6,145,"4,424","['방문자리뷰 1,713', '블로그리뷰 896', '보말칼국수', '보말죽', '성게칼국수', '고기국수']",4.35
34,국수바다본점,3.8,366,"12,664","['방문자리뷰 1,617', '블로그리뷰 2,249']",0.0
35,만덕이네,3.5,82,"7,181","['방문자리뷰 1,421', '블로그리뷰 1,222', '갈치조림정식(1인)', '전복문어흑돼지두루치기(1인)', '접짝뼈국', '제주 흑돼지 오겹살구이(200g)']",4.28
36,원담,4.0,80,"5,976","['방문자리뷰 1,625', '블로그리뷰 1,390', '고등어회', '고등어회+모듬회', '갈치조림', '고등어조림']",4.71
37,일통이반,3.5,99,"9,327","['방문자리뷰 1,335', '블로그리뷰 1,177', '모듬해산물', '성게알', '문어숙회', '소라회']",0.0
38,큰돈가중문점,4.4,165,"1,085","['방문자리뷰 1,247', '블로그리뷰 932']",4.63
39,다정이네올레시장본점,4.2,308,14,"['방문자리뷰 3,891', '블로그리뷰 848', '다정이네김밥', '매운멸치고추김밥', '매운김밥', '멸치김밥']",4.33
40,국시트멍,4.0,156,"3,001","['방문자리뷰 1,677', '블로그리뷰 866']",4.46
41,충민정,4.7,494,"6,509","['방문자리뷰 3,598', '블로그리뷰 1,148']",4.77
42,스시애월,4.4,87,"4,251","['방문자리뷰 435', '블로그리뷰 593', '도로초밥세트']",4.59
43,제주어멍통갈치,4.6,387,"1,836","['방문자리뷰 1,437', '블로그리뷰 1,180']",4.38
44,솔지식당,3.9,104,"5,411","['방문자리뷰 960', '블로그리뷰 596', '가브리살', '오겹살', '멜조림', '순두부']",4.39
45,문개항아리조천본점,4.7,656,635,"['방문자리뷰 8,843', '블로그리뷰 1,423']",4.79
46,치저스,4.0,59,"11,057","['방문자리뷰 3,510', '블로그리뷰 687']",4.76
47,동해미락,4.1,121,"1,091","['방문자리뷰 800', '블로그리뷰 1,004']",4.65
48,해월정,3.9,457,"17,310","['방문자리뷰 2,572', '블로그리뷰 1,594']",4.22
49,모살물,3.7,104,"2,961",a,0.0
50,제주에가면,4.4,58,"5,349","['방문자리뷰 1,250', '블로그리뷰 1,169']",4.5
51,별돈별정원점,4.1,86,623,a,0.0
52,다가미,3.6,87,"1,339","['방문자리뷰 1,589', '블로그리뷰 601', '다가미김밥', '참치로얄', '매운 멸치쌈', '소고기롤']",4.33
53,골막식당,4.0,139,"2,465","['방문자리뷰 1,047', '블로그리뷰 806', '고기국수', '고기국수곱배기', '수육']",4.4
54,제주김만복김밥서귀포점,4.0,431,23,"['방문자리뷰 2,917', '블로그리뷰 1,537', '메뉴판 전체보기']",4.33
55,고씨네천지국수,4.3,250,"2,398","['방문자리뷰 2,558', '블로그리뷰 1,035']",4.66
56,올레왕갈치,4.4,73,455,"['방문자리뷰 819', '블로그리뷰 561', '갈치정식 (1인)', '삼치구이', '고등어구이', '흑돼지 김치찌개']",4.69
57,도토리키친본점,3.9,161,29,"['방문자리뷰 1,531', '블로그리뷰 1,308', '청귤소바', '청귤소바+톳유부초밥', '냉소바', '청귤소바+새우감자고로케']",4.51
58,산방식당,3.5,147,"15,734","['방문자리뷰 1,334', '블로그리뷰 1,473', '밀냉면', '비빔밀냉면', '수육']",4.3
59,연동마라도횟집,3.7,70,"1,032","['방문자리뷰 522', '블로그리뷰 477', '메뉴판 전체보기']",4.38
60,뽈살집제주본점,4.4,212,50,"['방문자리뷰 1,429', '블로그리뷰 877', '메뉴판 전체보기']",4.63
61,흑돼지BBQ,4.6,471,0,"['방문자리뷰 735', '블로그리뷰 510', '2인세트(오겹살300g+목살200g)', '3인세트(오겹살200g+가브리살200g+목살200g)', '4인세트(오겹살200g+가브리살200g+목살200g+항정살200g)', '된장찌개 (추가메뉴)']",4.65
62,산도롱맨도롱,3.5,186,"12,333",a,0.0
63,신우성흑돼지,4.7,834,"10,738","['방문자리뷰 1,295', '블로그리뷰 544']",4.63
64,국수만찬,4.4,218,"3,086","['방문자리뷰 1,055', '블로그리뷰 619']",4.59
65,옥만이네,4.0,106,"3,306",a,0.0
66,훈남횟집,4.4,150,"5,307","['방문자리뷰 995', '블로그리뷰 520']",4.47
67,은혜전복,3.8,141,"9,529","['방문자리뷰 2,446', '블로그리뷰 2,164']",4.5
68,산지해장국,4.4,150,"3,976",a,0.0
69,제주마당,3.8,46,"6,801","['방문자리뷰 1,283', '블로그리뷰 1,126', '철판통갈치조림 대(6~7인기준 문어, 새우, 전복)', '철판통갈치조림 중(4~5인기준 새우, 전복)', '철판통갈치조림(3인기준 새우, 전복)', '철판통갈치조림(2인기준 새우, 전복)']",4.36
70,이금돈지,3.5,34,"4,244","['방문자리뷰 758', '블로그리뷰 1,153', '통갈치구이세트+성게미역국 (2인용)', '철판통갈치조림+성게미역국(2인용)', '갈치조림[대 4인용]', '갈치조림(중 3인용)']",4.43
71,효퇴국수,3.7,84,"2,375","['방문자리뷰 687', '블로그리뷰 588', '따로국밥', '고기국수', '멸고국수', '비빔국수']",4.4
72,데미안,4.6,145,"58,219",a,0.0
73,부두식당,3.7,112,"10,524","['방문자리뷰 1,579', '블로그리뷰 1,430']",4.31
74,돈이랑본점,4.5,780,844,"['방문자리뷰 5,596', '블로그리뷰 3,031', '제주 명품흑돼지 100g', '제주 흑돼지 추가 300g', '김치말이국수', '보말된장찌개']",4.68
75,바당길,4.1,159,"3,327",a,0.0
76,자리돔횟집,4.0,60,"2,552","['방문자리뷰 867', '블로그리뷰 2,198']",4.62
77,소금바치순이네,4.2,229,"7,583","['방문자리뷰 3,106', '블로그리뷰 1,867', '돌문어볶음 소', '돌문어볶음 대', '해물탕 소', '해물탕 대']",4.5
78,은희네해장국서귀포점,4.2,66,286,"['방문자리뷰 1,121', '블로그리뷰 432', '소고기해장국']",4.46
79,시골길,3.6,73,"67,862","['방문자리뷰 765', '블로그리뷰 607', '낙지볶음 (소, 2인분)', '낙지볶음 (대,3인분)', '청국장', '소면 (추가)']",4.31
80,복자씨연탄구이,4.4,621,"14,526","['방문자리뷰 2,566', '블로그리뷰 1,931', '흑돼지 근고기(600g)', '김치찌개', '백돼지 근고기(600g)']",4.3
81,로빙화,4.4,120,"10,825","['방문자리뷰 927', '블로그리뷰 525', '커피', '피자', '한라봉에이드', '비프버거세트']",4.51
82,은희네해장국함덕점,3.6,72,106,"['방문자리뷰 991', '블로그리뷰 241']",4.36
83,애월흑돼지애월그때그집본점,4.6,157,0,"['방문자리뷰 1,994', '블로그리뷰 1,190']",4.68
84,깡촌흑돼지,4.3,502,"9,602","['방문자리뷰 878', '블로그리뷰 1,123', '메뉴판 전체보기']",0.0
85,천짓골식당,4.1,103,"1,720","['방문자리뷰 891', '블로그리뷰 604', '돔베고기 흑돼지오겹(600g)', '돔베고기 백돼지오겹(600g)', '돔베고기 흑돼지오겹절반(300g)', '돔베고기 백돼지오겹절반(300g)']",4.48
86,바다속고등어쌈밥,3.7,86,"6,215","['방문자리뷰 1,845', '블로그리뷰 1,870', '메뉴판 전체보기']",0.0
87,가시식당,3.5,82,"4,040","['방문자리뷰 874', '블로그리뷰 706', '두루치기', '수육한접시', '순대백반', '순대한접시']",4.35
88,산지물본점,3.6,177,143,a,0.0
89,몬스터살롱,4.1,211,"13,251","['방문자리뷰 3,173', '블로그리뷰 1,826']",4.48
90,제주판타스틱버거,4.1,96,805,"['방문자리뷰 1,455', '블로그리뷰 1,152']",4.56
91,한림칼국수공항점,3.9,49,31,"['방문자리뷰 1,106', '블로그리뷰 633']",4.39
92,난드르바당,3.7,63,"8,385","['방문자리뷰 1,433', '블로그리뷰 905', '제주산 흑돼지 2인(600g)+된장찌개', '제주산 백돼지 2인(600g)+ 된장찌개', '새우(블랙타이거)', '제주산 성게 미역국']",4.43
93,갈치요리전문점만족한상회,4.6,119,0,"['방문자리뷰 1,094', '블로그리뷰 1,086', '메뉴판 전체보기']",4.83
94,남춘식당,4.2,95,"3,989","['방문자리뷰 860', '블로그리뷰 658']",4.43
95,진아떡집,4.5,129,"6,189",a,0.0
96,봉순이네흑돼지,4.0,150,"8,324","['방문자리뷰 2,909', '블로그리뷰 1,271', '흑돼지모듬한판 중', '흑돼지한근', '봉순이흑돼지정식', '수제양념갈비']",4.62
97,촌촌해녀촌,3.6,118,"1,196","['방문자리뷰 205', '블로그리뷰 289', '메뉴판 전체보기']",4.2
98,제주늘봄,3.6,12,883,"['방문자리뷰 546', '블로그리뷰 48', '갈비살(한우) 160g', '꽃갈비살(한우) 160g', '안창살 (한우) 160g', '생등심 (한우) 160g']",0.0
99,제주한라국수,3.7,75,"3,723","['방문자리뷰 1,083', '블로그리뷰 569']",4.28
100,곱들락,4.2,106,"17,407","['방문자리뷰 849', '블로그리뷰 866', '제주흑돼지2인', '제주한우갈비살', '제주한우양념갈비살', '제주산돼지양념갈비']",4.54
101,태광식당,3.8,81,"7,754","['방문자리뷰 1,096', '블로그리뷰 1,013', '돼지주물럭식사', '된장뚝배기', '옥돔구이식사', '한치물회식사']",4.35
102,안녕협재씨제주협재점,4.1,211,10,"['방문자리뷰 1,599', '블로그리뷰 1,397']",4.51
103,은희네해장국2호점,3.5,26,296,"['방문자리뷰 948', '블로그리뷰 413', '소고기해장국', '내장탕', '소주', '맥주']",4.39
104,제주약수터본점,4.6,125,145,a,0.0
105,오롯,4.3,85,"21,544",a,0.0
106,장수물식당,4.2,102,"4,027","['방문자리뷰 980', '블로그리뷰 851', '고기국수', '돔베고기']",4.39
107,닻,3.9,106,"20,329",a,0.0
108,황해식당,4.0,66,"3,676","['방문자리뷰 1,825', '블로그리뷰 1,244', '메뉴판 전체보기']",4.72
109,하원가흑돼지,4.9,149,"6,525","['방문자리뷰 370', '블로그리뷰 555']",4.73
110,정직한돈본점,4.4,169,191,"['방문자리뷰 1,758', '블로그리뷰 1,490']",4.66
111,골목,4.6,165,"246,665",a,0.0
112,만월당,4.1,181,"18,789","['방문자리뷰 2,199', '블로그리뷰 1,339']",4.59
113,고등어쌈밥,3.6,139,"10,996",a,0.0
114,공천포식당,4.0,154,"6,902","['방문자리뷰 1,377', '블로그리뷰 741', '한치물회(생물)', '한치물회(냉동)', '전복물회', '전복죽']",4.45
115,식당마요네즈,4.2,139,"3,324",a,0.0
116,순수한둠비,4.4,58,821,a,0.0
117,더꽃돈협재점,4.4,115,0,a,0.0
118,부촌,4.3,201,"3,014","['방문자리뷰 1,249', '블로그리뷰 503', '성게미역국정식', '갈치조림정식', '고등어구이']",4.41
119,제주본참숯불갈비,4.1,76,144,"['방문자리뷰 687', '블로그리뷰 466']",4.69
120,제주순풍신제주본점,3.6,49,0,a,0.0
121,제주육대표,4.2,48,563,"['방문자리뷰 560', '블로그리뷰 258']",4.64
122,오현돼지불백,4.1,63,412,"['방문자리뷰 925', '블로그리뷰 686', '한치+돼지불백(1人)', '낙지+돼지불백(1人)', '돼지불백(2인이상 주문가능)(1人)', '소불고기전골 (대)']",4.36
123,대춘해장국본점,4.4,77,152,"['방문자리뷰 1,198', '블로그리뷰 329', '해장국', '내장탕']",4.47
124,공항흑돼지시청그때그집,4.4,68,0,"['방문자리뷰 838', '블로그리뷰 666', '메뉴판 전체보기']",4.73
125,미스칠,4.1,61,"1,191","['방문자리뷰 776', '블로그리뷰 634']",4.34
126,용두암해촌,4.6,369,"6,657","['방문자리뷰 2,929', '블로그리뷰 871', '3인 SET2번(돔베고기제공)', '4인 SET(돔베고기제공)', '3인 SET1번(돔베고기제공)', '2인SET(돔베고기제공)']",4.65
127,제주국담,4.3,123,"2,241","['방문자리뷰 430', '블로그리뷰 401']",4.55
128,순천미향,4.4,154,"4,060","['방문자리뷰 1,904', '블로그리뷰 655']",4.68
129,88버거,4.1,259,"12,311","['방문자리뷰 3,865', '블로그리뷰 1,153']",4.71
130,돈블랙서귀포본점,4.5,79,42,"['방문자리뷰 1,708', '블로그리뷰 756', '메뉴판 전체보기']",4.85
131,바다를본돼지제주노형점,3.5,11,0,"['방문자리뷰 713', '블로그리뷰 1,090']",4.42
132,대기정,4.1,147,"6,820","['방문자리뷰 2,272', '블로그리뷰 1,684']",4.55
133,산지물신제주점,3.8,123,48,"['방문자리뷰 424', '블로그리뷰 473', '산지물A코스3~4인(활어회,해물모듬(대),물회,고등어구이,자리구이,전복구이,우럭조림,매운탕,공기밥,튀김등)', '산지물B코스2인(활어회,해물모듬(소),물회,고등어구이,자리구이,전복구이,우럭조림,매운탕,공기밥,튀김등)', '방어코스(방어회,물회,구이,조림,튀김,매운탕)', '대게스페샬코스4인(전복죽,해물+회,콘치즈,대게,랍스타,소라구이,전복구이,튀김,탕,공기밥)']",4.11
134,코코분식,3.8,50,"2,581","['방문자리뷰 461', '블로그리뷰 452', '비빔밥', '칼국수', '육개장', '콩국수']",4.32
135,코코마마성산점,3.9,173,"1,411","['방문자리뷰 3,139', '블로그리뷰 1,885', '통 파인애플쥬스', '파인애플볶음밥', '점보씨푸드 기본2인', '점보씨푸드 기본4인']",4.53
136,가람돌솥밥,3.6,161,"10,311","['방문자리뷰 4,166', '블로그리뷰 1,238']",4.45
137,성산일출봉청운식당,4.6,676,"8,915","['방문자리뷰 968', '블로그리뷰 1,320']",0.0
138,제주미담,3.8,99,"1,662","['방문자리뷰 780', '블로그리뷰 535', '고기국수', '멸치국수', '순대국밥', '따로국밥']",4.3
139,큰돈가본점,4.1,91,704,"['방문자리뷰 750', '블로그리뷰 673', '메뉴판 전체보기']",4.61
140,재연식당,3.7,93,"4,450","['방문자리뷰 841', '블로그리뷰 475', '엄마정식', '갈치정식', '옥돔정식', '김치찌개']",4.5
141,문치비,4.1,59,"5,227","['방문자리뷰 2,484', '블로그리뷰 691', '제주산 흑돼지 오겹살 300g', '제주산 흑돼지 목살 300g', '통갈매기살', '통항정살']",4.63
142,나원회포차,4.6,84,980,"['방문자리뷰 2,135', '블로그리뷰 619']",4.82
143,오가네전복설렁탕서귀포본점,4.7,319,0,a,0.0
144,시흥해녀의집,4.5,182,"1,341","['방문자리뷰 473', '블로그리뷰 496', '조개죽', '전복죽', '오분작죽', '문어 1접시']",4.38
145,도갈비,4.6,87,"1,260","['방문자리뷰 487', '블로그리뷰 335', '꽃멸젓볶음밥', '흑도목(흑돼지목살)', '흑돼지 오겹살', '흑돼지특수부위']",4.73
146,포도원흑돼지,4.1,76,"3,148","['방문자리뷰 496', '블로그리뷰 600', '흑돼지모듬 대 (720g)', '흑오겹 (180g)', '흑돼지모듬 중 (540g)', '흑목살 (180g)']",4.36
147,낭쿰낭쿰,4.6,145,"1,022",a,0.0
148,홍성방,4.3,123,"9,612","['방문자리뷰 1,211', '블로그리뷰 854']",4.5
149,낭뜰에쉼팡,3.9,86,"3,563","['방문자리뷰 1,404', '블로그리뷰 877', '쌈채', '낭뜰에정식 1인 (2인이상)', '고기비빔밥', '돌솥비빔밥']",4.4
150,돈사돈별관,3.7,81,675,"['방문자리뷰 907', '블로그리뷰 1,415', '메뉴판 전체보기']",4.44
151,잇칸시타,4.3,83,"6,306","['방문자리뷰 898', '블로그리뷰 508']",4.53
152,형제도식당본점,4.4,88,26,"['방문자리뷰 1,566', '블로그리뷰 4,353']",4.66
153,논짓물,3.7,33,"14,057",a,0.0
154,정직한돈협재직영점,4.6,176,13,"['방문자리뷰 1,526', '블로그리뷰 1,293', '메뉴판 전체보기']",4.76
155,남양수산,4.0,69,"3,542","['방문자리뷰 516', '블로그리뷰 296', '활고등어', '참돔 소', '참돔 중', '참돔 대']",4.64
156,칠돈가서광직영점,4.2,74,297,"['방문자리뷰 426', '블로그리뷰 237', '흑도야지 근고기(2인분)', '백도야지 근고기(2인분)', '흑돼지 김치찌개', '점심특선1(흑돼지)']",4.31
157,램앤블랙(구.램하우스),4.8,440,0,a,0.0
158,서서방숯불닭갈비,4.2,89,"3,328",a,0.0
159,태하횟집,4.7,68,"1,841","['방문자리뷰 240', '블로그리뷰 601', '모둠회(2인)', '모둠회(3인)', '모둠회(4인)', '다금바리']",4.38
160,노조미,4.3,88,"7,121","['방문자리뷰 487', '블로그리뷰 3']",4.44
161,제주예찬,3.6,89,"3,145","['방문자리뷰 1,239', '블로그리뷰 823']",4.53
162,표선우동가게,4.2,62,915,"['방문자리뷰 582', '블로그리뷰 289']",4.49
163,선흘곶,4.1,117,"4,301","['방문자리뷰 935', '블로그리뷰 629', '쌈밥정식', '돼지고기 추가', '고등어 추가']",4.49
164,돌집식당,4.3,78,"2,601","['방문자리뷰 577', '블로그리뷰 711']",4.52
165,제주돗,4.1,64,"10,616","['방문자리뷰 569', '블로그리뷰 396', '흑돗목살(200g)', '흑돗오겹살(200g)', '삼겹갈비(200g)']",4.57
166,민경이네어등포해녀촌,3.8,69,"3,290","['방문자리뷰 993', '블로그리뷰 731', '메뉴판 전체보기']",0.0
167,탐라우돈정육식당,4.6,334,296,"['방문자리뷰 589', '블로그리뷰 500']",4.75
168,중문흑돼지천국,4.7,250,286,"['방문자리뷰 1,548', '블로그리뷰 886']",4.81
169,솔동산고기국수,4.0,105,"1,201","['방문자리뷰 718', '블로그리뷰 420']",4.4
170,김지순의낭푼밥상,3.9,53,888,"['방문자리뷰 268', '블로그리뷰 238', '메뉴판 전체보기']",4.29
171,금박돈,4.1,151,"1,795","['방문자리뷰 653', '블로그리뷰 406', '2인흑돼지(근고기 600g)', '흑돼지(근고기800g)', '흑돼지(근고기1200g)', '흑돼지(근고기400g)추가시']",4.43
172,뚱보아저씨,4.0,188,"2,637","['방문자리뷰 1,460', '블로그리뷰 412', '갈치구이 정식', '육개장', '통삼겹 김치전골 (2人이상)', '갈치조림 중']",4.47
173,도두반점제주사수본점,3.7,67,12,"['방문자리뷰 1,155', '블로그리뷰 370', '메뉴판 전체보기']",4.33
174,형돈,3.7,57,"2,618","['방문자리뷰 559', '블로그리뷰 417', '흑돼지 근고기 (600g)', '흑돼지 추가 (300g)', '백돼지 근고기 (600g)', '백돼지 추가 (300g)']",4.49
175,연미정,4.3,128,"11,849","['방문자리뷰 659', '블로그리뷰 396']",4.46
176,제주김만복성산점,3.7,85,235,"['방문자리뷰 327', '블로그리뷰 566', '메뉴판 전체보기']",4.52
177,덕승식당,3.6,71,"4,523","['방문자리뷰 688', '블로그리뷰 269', '한치물회', '자리물회', '회덮밥', '갈치구이']",4.32
178,백리향,4.0,96,"15,013",a,0.0
179,한라전복(본점),4.0,108,0,a,0.0
180,제갈양,4.5,366,"5,091","['방문자리뷰 1,521', '블로그리뷰 1,485', '2인조림', '2인구이', '갈치뚝배기', '생선초밥']",4.56
181,연북로해물탕,4.1,44,"1,433","['방문자리뷰 453', '블로그리뷰 533', '해물탕 대', '한상차림 2인상', '전복성게미역국', '전복뚝배기']",4.48
182,짱구분식,4.0,117,"8,221",a,0.0
183,만선식당,4.0,101,"11,777","['방문자리뷰 1,138', '블로그리뷰 1,290']",4.41
184,인디언키친,4.0,127,"2,516","['방문자리뷰 949', '블로그리뷰 480']",4.52
185,산방산초가집,4.4,68,"2,583","['방문자리뷰 749', '블로그리뷰 901']",4.6
186,문개항아리애월점,4.5,256,567,"['방문자리뷰 6,820', '블로그리뷰 405', '메뉴판 전체보기']",4.82
187,숙성도중문점,3.7,181,"3,077","['방문자리뷰 3,457', '블로그리뷰 1,593']",4.44
188,해심가든,3.9,82,"4,603","['방문자리뷰 739', '블로그리뷰 437', '돼지생갈비(300g)', '돼지양념갈비(300g)', '흑돼지오겹살(200g)', '성게미역국(공기밥포함)']",0.0
189,모이세해장국본점,3.6,36,216,a,0.0
190,곤밥2,4.6,121,"1,506","['방문자리뷰 1,447', '블로그리뷰 432', '정식', '두루치기', '갈비탕', '육개장']",4.59
191,임금님밥상,3.7,41,"2,904","['방문자리뷰 680', '블로그리뷰 429', '생선구이백반', '갈치조림', '뚝배기불고기', '참조기찌개']",4.27
192,춘미향식당,4.3,147,"2,071","['방문자리뷰 743', '블로그리뷰 540', '춘미향 정식', '보말미역국 정식', '몸국', '흑돼지 두루치기']",4.47
193,제주고집,3.9,52,"2,858","['방문자리뷰 2,075', '블로그리뷰 1,849', '숙성흑돼지근고기600', '숙성흑돼지점심특선2인', '숙성흑돼지400g', '제주통가브리살200g']",4.71
194,제주올래국수,4.2,43,"1,976","['방문자리뷰 272', '블로그리뷰 117']",4.41
195,스시도모다찌제주점,3.9,90,12,"['방문자리뷰 851', '블로그리뷰 345']",4.43
196,옥돔식당,3.5,62,"5,681","['방문자리뷰 1,221', '블로그리뷰 986', '보말전복손칼국수']",4.38
197,돈향기,3.9,63,"5,113","['방문자리뷰 1,515', '블로그리뷰 1,464']",4.61
198,제주곰집,4.6,226,"16,599","['방문자리뷰 2,448', '블로그리뷰 3,399']",4.54
199,칠돈가표선직영점,3.6,51,154,"['방문자리뷰 1,167', '블로그리뷰 1,113', '흑도야지 근고기 600g', '백도야지 근고기 600g', '김치찌개', '김치전 추가시']",0.0
200,순풍해장국함덕본점,3.6,57,0,a,0.0
201,옹포바다횟집,4.2,66,"3,468","['방문자리뷰 423', '블로그리뷰 449', '옹포바다 모듬회 中', '옹포바다 모듬회 大', '다금바리 1kg', '갓돔 1kg']",4.53
202,범일분식,4.1,83,"3,387","['방문자리뷰 590', '블로그리뷰 598', '제주 쌀 막걸리', '순대 한접시', '순대백반']",4.36
203,제주곱,4.6,25,"3,861","['방문자리뷰 311', '블로그리뷰 168']",4.52
204,커큐민흑돼지,3.6,37,"5,843","['방문자리뷰 983', '블로그리뷰 1,187']",4.45
205,글라글라하와이,4.1,87,"6,978","['방문자리뷰 776', '블로그리뷰 442']",4.54
206,짬뽕에취한날,3.5,64,"4,907","['방문자리뷰 687', '블로그리뷰 577']",4.37
207,이스트포레스트,4.2,111,"5,760","['방문자리뷰 1,400', '블로그리뷰 612']",4.5
208,더스푼,3.7,42,"6,569","['방문자리뷰 1,026', '블로그리뷰 428']",4.65
209,김녕오라이,4.5,70,"8,113","['방문자리뷰 582', '블로그리뷰 236', '돔베사시미 대', '돔베사시미 중', '돔베사시미 소', '머리구이 반판/한판']",4.73
210,흑돼지패밀리,4.6,57,808,"['방문자리뷰 381', '블로그리뷰 997']",4.55
211,센트로,4.5,71,"5,866","['방문자리뷰 394', '블로그리뷰 353', '콜키지1병당1만원', '소주/맥주', '와인']",4.68
212,제주해물밥,3.5,35,"5,671","['방문자리뷰 354', '블로그리뷰 530']",4.31
213,성산갈치조림순덕이네,4.0,46,10,"['방문자리뷰 502', '블로그리뷰 683']",0.0
214,섭지코지해녀밥상,4.3,29,621,"['방문자리뷰 225', '블로그리뷰 194', '1인', '전복구이(5마리)', '소라.문어,멍게.해삼.성게(1접시)', '공기밥']",4.42
215,강식당,4.0,102,"50,268","['방문자리뷰 416', '블로그리뷰 371', '함박스테이크 정식', '매운 고기국수', '순한 고기국수']",0.0
216,뚱딴지,4.1,99,"6,326",a,0.0
217,알동네집,3.6,36,"2,374","['방문자리뷰 671', '블로그리뷰 730', '짜투리고기', '흑돼지오겹', '돌솥밥+김치찌개', '돌솥밥+된장찌개']",4.52
218,중문색달통갈치,4.4,123,"1,299","['방문자리뷰 2,194', '블로그리뷰 1,059']",4.84
219,윤옥,4.3,129,"9,698","['방문자리뷰 645', '블로그리뷰 362']",4.57
220,돈고팡본점,3.8,55,692,"['방문자리뷰 626', '블로그리뷰 1,027', '메뉴판 전체보기']",4.51
221,돈카츠서황,3.8,116,"1,378","['방문자리뷰 427', '블로그리뷰 160', '서황카츠', '안심카츠', '생선카즈', '모듬카츠']",4.45
222,삼성혈해물탕1호점,4.2,21,32,"['방문자리뷰 276', '블로그리뷰 230', '해물탕 (특대)', '해물탕(대)', '해물탕(중)', '해물탕(소)']",4.43
223,한라전복성산본점,4.4,93,4,"['방문자리뷰 514', '블로그리뷰 358', '전복돌솥밥', '전복뚝배기', '전복구이 대', '전복죽']",4.63
224,화성식당,3.9,75,"2,134","['방문자리뷰 522', '블로그리뷰 325', '접짝뼈국', '갈치국', '각재기국', '소주']",4.41
225,해월정서귀포점,4.6,240,"2,219","['방문자리뷰 1,319', '블로그리뷰 562']",4.36
226,하하호호우도본점,4.0,145,29,a,0.0
227,어조횟집,4.1,54,"2,335","['방문자리뷰 572', '블로그리뷰 414']",4.4
228,올레마당,4.4,115,"1,337","['방문자리뷰 2,624', '블로그리뷰 475', '모듬 생선구이 1人', '전복뚝배기', '전복죽', '전복성게미역국']",4.7
229,서광보말칼국수,3.8,71,"11,061","['방문자리뷰 835', '블로그리뷰 404']",4.25
230,두툼한고기돈돼지,4.7,203,"1,130","['방문자리뷰 527', '블로그리뷰 383', '흑돼지 오겹살(200g)1인분', '흑돼지 목살(200g)1인분', '백돼지 오겹살(200g)1인분', '백돼지 목살(200g)1인분']",4.6
231,올레삼다정,4.4,124,"1,774","['방문자리뷰 880', '블로그리뷰 783', '💯통갈치구이.조림SET (소) - 2인기준', '💯왕특대 통갈치구이 (1일10개한정)', '💯통갈치구이 (중)', '💯고등어조림 (소)']",4.66
232,중문그때그집,4.9,321,563,"['방문자리뷰 948', '블로그리뷰 1,065']",4.76
233,어박사한림본점,4.6,244,13,"['방문자리뷰 1,481', '블로그리뷰 1,112']",4.55
234,임순이네,4.5,88,"1,044","['방문자리뷰 667', '블로그리뷰 306', '제주 몸국', '고사리 육개장', '고기국수', '돈육숙주볶음']",4.62
235,칠돈가제주공항직영점,3.8,49,28,"['방문자리뷰 659', '블로그리뷰 224', '제주흑돼지 근고기 600g', '김치찌개', '칠돈가 근고기 600g', '냉면']",4.51
236,천리식당천리민박,4.4,50,0,"['방문자리뷰 321', '블로그리뷰 247', '갈치조림(소)', '갈치조림(대)', '양념갈치구이(흑돼지제육반찬포함)', '양념옥돔구이(흑돼지제육반찬포함)']",4.43
237,꽃가람,4.0,69,"6,392","['방문자리뷰 1,143', '블로그리뷰 661']",4.52
238,요기소바본점,4.2,52,0,"['방문자리뷰 289', '블로그리뷰 129', '메뉴판 전체보기']",4.35
239,용담밭담,4.7,223,929,"['방문자리뷰 877', '블로그리뷰 455']",4.63
240,제주오누이,4.3,85,"3,711",a,0.0
241,성산흑돼지두루치기,4.1,69,"1,452","['방문자리뷰 553', '블로그리뷰 449']",4.49
242,삼다도횟집본점,3.8,32,401,"['방문자리뷰 422', '블로그리뷰 577']",4.39
243,귤품은흑돼지제주공항점,4.5,249,0,"['방문자리뷰 1,753', '블로그리뷰 569']",4.58
244,원조마라도짜장면집,4.3,172,452,"['방문자리뷰 1,135', '해물짜장면', '해물짬뽕', '탕수육']",4.21
245,돈사돈월정점,4.0,110,582,"['방문자리뷰 719', '블로그리뷰 378', '흑돼지 근고기 (600g)', '흑돼지 근고기 (800g)', '김치찌개']",0.0
246,동복뚝배기,4.5,49,"3,151","['방문자리뷰 718', '블로그리뷰 644']",4.59
247,오전열한시,3.8,58,"13,813","['방문자리뷰 1,036', '블로그리뷰 988', '메뉴판 전체보기']",4.48
248,회춘,3.9,86,"39,201",a,0.0
249,종달수다뜰,4.0,114,"4,013","['방문자리뷰 918', '블로그리뷰 841']",4.38
250,애월연어,4.6,84,"3,637",a,0.0
251,교래흑돼지본점,4.4,105,357,"['방문자리뷰 501', '블로그리뷰 198']",4.61
252,바로족발보쌈,4.5,50,607,"['방문자리뷰 392', '블로그리뷰 212']",4.43
253,도민상회,4.6,196,"20,135",a,0.0
254,뜰에,4.2,116,"13,322",a,0.0
255,제일수산횟집,4.5,87,979,"['방문자리뷰 211', '블로그리뷰 247', '활고등어회 특大', '활고등어회 大', '활고등어회 中', '활고등어회 小']",4.44
256,삼대전통고기국수,3.9,35,200,"['방문자리뷰 154', '블로그리뷰 1', '고기국수', '고기국밥', '비빔국수', '냉국수']",4.23
257,대춘해장국노형점,4.8,75,147,"['방문자리뷰 799', '블로그리뷰 226', '해장국', '내장탕']",4.48
258,장모식탁,4.5,54,"1,023","['방문자리뷰 867', '블로그리뷰 547']",4.59
259,수영밥상본점,4.7,102,19,"['방문자리뷰 294', '블로그리뷰 194']",4.69
260,탐라가든,3.8,41,"1,067","['방문자리뷰 529', '블로그리뷰 220', '흑오겹살(180g)', '냉면', '생갈비', '돼지양념갈비']",4.4
261,달이뜨는식탁,4.8,367,"28,202","['방문자리뷰 994', '블로그리뷰 651']",4.63
262,맨도롱해장국,3.7,109,685,"['방문자리뷰 757', '블로그리뷰 254', '겡이국', '몸국', '보말국', '보말칼국수']",4.39
263,섬소나이,4.3,120,"21,677","['방문자리뷰 1,865', '블로그리뷰 1,654']",4.59
264,제주선채향,4.8,292,"1,168","['방문자리뷰 1,206', '블로그리뷰 440', '전복 칼국수', '전복회', '전복죽']",4.66
265,흑돼지제주정,4.6,50,"1,606","['방문자리뷰 1,064', '블로그리뷰 2,536']",4.67
266,참맛나김밥,3.7,68,"2,671","['방문자리뷰 744', '블로그리뷰 381', '열무국수', '멸추김밥', '햄김밥', '참치김밥']",4.43
267,그리운바다성산포,3.9,114,"7,180","['방문자리뷰 1,213', '블로그리뷰 543']",4.54
268,담다,3.8,50,"52,613",a,0.0
269,희야국수,4.4,63,506,"['방문자리뷰 344', '블로그리뷰 185', '고기국수', '멸치국수', '비빔국수', '멸치고기국수']",4.55
270,까망돼지서귀포점,4.3,40,"1,379","['방문자리뷰 2,685', '블로그리뷰 729', '제주흑돼지 600g', '제주흑돼지 추가 300g', '진짜생갈비600g', '진짜생갈비 300g']",4.67
271,중문신라원,3.5,25,"1,144","['방문자리뷰 947', '블로그리뷰 921', '말고기코스정식(1인)', '말사시미(200g)', '말고기육회(200g)', '흑돼지오겹&목살정식(2인)']",4.38
272,스시도모다찌칠성점,4.5,96,316,"['방문자리뷰 815', '블로그리뷰 240']",4.5
273,오멍가멍흑돼지본점,4.1,67,5,"['방문자리뷰 1,267', '블로그리뷰 870']",4.64
274,흑본오겹함덕점,4.4,72,251,"['방문자리뷰 948', '블로그리뷰 651']",4.62
275,선흘방주할머니식당,4.5,74,860,"['방문자리뷰 743', '블로그리뷰 370', '검정콩국수', '고사리 비빔밥', '흑돼지보쌈', '도토리부침개']",4.45
276,모메존흑돼지,4.2,232,"1,113","['방문자리뷰 600', '블로그리뷰 642', '메뉴판 전체보기']",0.0
277,스시권,4.4,296,"1,136","['방문자리뷰 362', '블로그리뷰 235', '사시미 오마카세 (권영조총괄쉐프의 메인요리)', '스페셜초밥 (11P)', 'VIP 초밥 (12P)', '스페셜세트']",4.33
278,영빈횟집,4.2,43,"1,332","['방문자리뷰 1,043', '블로그리뷰 1,102']",4.86
279,용두암오메기떡,4.0,39,640,a,0.0
280,다미진횟집,4.7,253,"1,587","['방문자리뷰 1,024', '블로그리뷰 1,666', '모듬회코스(4인)', '특+모듬회코스(4인)', '구문쟁이(1kg당)', '다금바리(1kg당)']",4.84
281,수복강녕,4.8,78,"2,950","['방문자리뷰 359', '블로그리뷰 313', '돼지떡갈비 정식', '한우 떡갈비 정식', '소주/맥주', '음료']",4.71
282,오가네전복설렁탕함덕점,4.4,190,334,"['방문자리뷰 1,880', '블로그리뷰 562']",4.6
283,천돈가,4.1,208,"3,950","['방문자리뷰 1,845', '블로그리뷰 1,457', '메뉴판 전체보기']",4.77
284,운산식당,4.4,77,888,a,0.0
285,만지식당,4.3,82,"5,221","['방문자리뷰 277', '블로그리뷰 428']",4.43
286,한라축산정육식당,3.6,27,"2,340",a,0.0
287,마마무말가든,4.4,33,353,"['방문자리뷰 408', '블로그리뷰 293', '메뉴판 전체보기']",4.58
288,용꽈배기,4.3,51,"3,925","['방문자리뷰 552', '블로그리뷰 206']",4.45
289,고미,4.2,37,"31,970","['방문자리뷰 191', '블로그리뷰 452', '특 대 모듬스페셜 (4~5인)', '특 중 모듬스페셜 (3~4인)', '벵어돔', '구문쟁이']",4.38
290,성읍칠십리식당,3.5,39,"3,384","['방문자리뷰 895', '블로그리뷰 680']",4.33
291,한라산아래첫마을,4.3,89,"6,151",a,0.0
292,연리지가든,3.6,41,"1,358","['방문자리뷰 261', '블로그리뷰 135', '고기1인분', '정육 (2인분)500g']",4.36
293,돌하르방식당본점,4.3,35,0,a,0.0
294,연탄과친한돼지,3.7,46,570,"['방문자리뷰 884', '블로그리뷰 451', '흑돼지 근고기 2인', '근고기']",4.79
295,함쉐프키친,4.1,92,"4,165","['방문자리뷰 710', '블로그리뷰 478']",4.47
296,갈치공장,4.9,130,"1,238","['방문자리뷰 801', '블로그리뷰 246', '갈치조림', '전복구이', '제주은갈치 통구이', '전복뚝배기']",4.71
297,청파식당횟집,4.6,142,"1,420","['방문자리뷰 751', '블로그리뷰 312', '활고등어회', '활어회', '전복구이', '우럭매운탕']",4.7
298,해비치호텔앤리조트제주이디,5.0,2,0,a,0.0
299,캠퍼트리호텔앤리조트더뷰,5.0,2,0,a,0.0
300,황가네뚝배기,3.9,8,56,"['방문자리뷰 180', '블로그리뷰 141']",4.19
301,씨에스호텔씨에스다이닝,5.0,1,0,a,0.0
302,포도호텔레스토랑,3.8,24,890,"['방문자리뷰 79', '블로그리뷰 248', '메뉴판 전체보기']",4.73
303,씨에스호텔카노푸스다이닝,4.3,14,0,"['방문자리뷰 201', '블로그리뷰 162']",4.38
